,hp,hp,hp,attack,attack,attack,defense,defense,defense,spatk,spatk,spatk,spdef,spdef,spdef,speed,speed,speed
,mean,median,mode,mean,median,mode,mean,median,mode,mean,median,mode,mean,median,mode,mean,median,mode
label,,,,,,,,,,,,,,,,,,
0,1.670553262204623,1.662757831681574,1.6127838567197355,1.7137626291475603,1.720139606617794,1.662757831681574,1.625758788577088,1.6127838567197355,1.6127838567197355,1.6721132035623338,1.6857186587020503,1.6127838567197355,1.6564315539950831,1.662757831681574,1.6127838567197355,1.7981838502056602,1.8034498685363225,1.7853298350107671
1,1.8694282550334276,1.8512583487190752,1.8195439355418688,1.9935964883877644,1.9822712330395684,2.0043213737826426,1.8618412049599902,1.8512583487190752,1.8195439355418688,1.7660462639775392,1.7853298350107671,1.7853298350107671,1.8213474040316915,1.8195439355418688,1.8512583487190752,1.9371717176441876,1.9344984512435677,1.8195439355418688
2,1.9463663610489,1.9590413923210936,2.0043213737826426,2.040928024505524,2.02936481037586,2.0043213737826426,1.9476779834986526,1.9590413923210936,1.9590413923210936,2.0390029695786076,2.041392685158225,1.9822712330395684,1.9590870505348796,1.9590413923210936,1.9590413923210936,1.9722853543254981,1.9822712330395684,2.0043213737826426
3,1.7089318118809833,1.7075701760979363,1.7075701760979363,1.7353943920863655,1.7481880270062005,1.6127838567197355,1.786627270104656,1.7853298350107671,1.7075701760979363,1.6219714085117933,1.6127838567197355,1.6127838567197355,1.6839733727744794,1.7032700902169775,1.662757831681574,1.5574522002501037,1.5563025007672873,1.4913616938342726
4,1.8322338141197592,1.8325089127062364,1.7853298350107671,1.785198793486858,1.8027602617187344,1.8195439355418688,1.8359499697355726,1.8408365262371587,1.7853298350107671,1.9724433681843176,1.9822712330395684,1.9084850188786497,1.9301901348411534,1.9344984512435677,1.8512583487190752,1.9119812968733965,1.926849105888087,1.7853298350107671
5,1.9032806401749247,1.8920946026904804,1.7853298350107671,1.957122278212651,1.9590413923210936,2.0043213737826426,1.99886849829481,1.9822712330395684,1.9084850188786497,1.8517674239520923,1.8195439355418688,1.7853298350107671,1.9185740964767724,1.9084850188786497,1.9084850188786497,1.6231054855212292,1.6532125137753437,1.7075701760979363
